"DataCode","Author","InternalExternal","InCurrentLociRun","Description","Replicate","Genotype","Ecotype","AdrianExp","Controls","GenuineControlsOld","Treatment","LifeCycle","File","Checked.on.browser.","Action","InCurrentLociRun_safe","Second.review","LociRun2018","InCurrentLociRun_smallset","PhasingFiles"
"SL16","Attila Molnar","Internal","Yes","Chlamy rose bengal treetment??",1,"CC4350","wt","FALSE","no","no","Rose Bengel","Vegetative","SL16/SL16.non_redundant.v_genome_JGI_assembly5_Chlamydomonas_reinhardtii.patman.gff2.gz","y","Possibly remove","No","Keep","Yes","No","SL16/SL16.v_Chlamydomonas_reinhardtii_transcript-v5.3.patman.redundant_aligned_reads.fasta.gz"
"SL17","Attila Molnar","Internal","Yes","Chlamy low iron",2,"CC4350","wt","FALSE","no","no","low iron","Vegetative","SL17/SL17.non_redundant.v_genome_JGI_assembly5_Chlamydomonas_reinhardtii.patman.gff2.gz","y","","Yes","","Yes","No","SL17/SL17.v_Chlamydomonas_reinhardtii_transcript-v5.3.patman.redundant_aligned_reads.fasta.gz"
"SL60","Attila Molnar","Internal","Yes","H202 Stress",3,"CC4350","wt","FALSE","no","no","H202 Stress","Vegetative","SL60/SL60.non_redundant.v_genome_JGI_assembly5_Chlamydomonas_reinhardtii.patman.gff2.gz","y","Definetely go","Yes","Still remove","No","No","SL60/SL60.v_Chlamydomonas_reinhardtii_transcript-v5.3.patman.redundant_aligned_reads.fasta.gz"
"SL74","Attila Molnar","Internal","Yes","crr1 -Cu - crr1 copper response element",4,"CC4350","ccr1","FALSE","no","no","Cu-","Vegetative","SL74/SL74.non_redundant.v_genome_JGI_assembly5_Chlamydomonas_reinhardtii.patman.gff2.gz","y","","Yes","","Yes","No","SL74/SL74.v_Chlamydomonas_reinhardtii_transcript-v5.3.patman.redundant_aligned_reads.fasta.gz"
"SL75","Attila Molnar","Internal","Yes","Chlamy -Cu",5,"CC4350","wt","FALSE","no","no","Chlamy -Cu","Vegetative","SL75/SL75.non_redundant.v_genome_JGI_assembly5_Chlamydomonas_reinhardtii.patman.gff2.gz","y","","Yes","","Yes","No","SL75/SL75.v_Chlamydomonas_reinhardtii_transcript-v5.3.patman.redundant_aligned_reads.fasta.gz"
"SL76","Attila Molnar","Internal","Yes","Chlamy +Cu",6,"CC4350","wt","FALSE","no","no","Chlamy +Cu","Vegetative","SL76/SL76.non_redundant.v_genome_JGI_assembly5_Chlamydomonas_reinhardtii.patman.gff2.gz","y","","Yes","","Yes","No","SL76/SL76.v_Chlamydomonas_reinhardtii_transcript-v5.3.patman.redundant_aligned_reads.fasta.gz"
"SL139","Attila Molnar","Internal","Yes","From Vegetative Cells",7,"CC4350","wt","FALSE","no","wt","FALSE","Vegetative","SL139/SL139.non_redundant.v_genome_JGI_assembly5_Chlamydomonas_reinhardtii.patman.gff2.gz","y","","Yes","","Yes","No","SL139/SL139.v_Chlamydomonas_reinhardtii_transcript-v5.3.patman.redundant_aligned_reads.fasta.gz"
"SL140","Attila Molnar","Internal","Yes","From Vegetative Cells",7,"CC4350","wt","FALSE","no","wt","FALSE","Vegetative","SL140/SL140.non_redundant.v_genome_JGI_assembly5_Chlamydomonas_reinhardtii.patman.gff2.gz","y","","Yes","","Yes","No","SL140/SL140.v_Chlamydomonas_reinhardtii_transcript-v5.3.patman.redundant_aligned_reads.fasta.gz"
"SL141","Attila Molnar","Internal","Yes","Nitrogen Starved Vegetative Cells",8,"CC4350","wt","FALSE","no","no","N Starved","Vegetative","SL141/SL141.non_redundant.v_genome_JGI_assembly5_Chlamydomonas_reinhardtii.patman.gff2.gz","y","","Yes","","Yes","No","SL141/SL141.v_Chlamydomonas_reinhardtii_transcript-v5.3.patman.redundant_aligned_reads.fasta.gz"
"SL142","Attila Molnar","Internal","Yes","Nitrogen Starved Vegetative Cells",8,"CC4350","wt","FALSE","no","no","N Starved","Vegetative","SL142/SL142.non_redundant.v_genome_JGI_assembly5_Chlamydomonas_reinhardtii.patman.gff2.gz","y","","Yes","","Yes","No","SL142/SL142.v_Chlamydomonas_reinhardtii_transcript-v5.3.patman.redundant_aligned_reads.fasta.gz"
"SL143","Attila Molnar","Internal","Yes","Gametes induced by N starvation",9,"CC4350","wt","FALSE","no","no","N Starved Gametes","Vegetative","SL143/SL143.non_redundant.v_genome_JGI_assembly5_Chlamydomonas_reinhardtii.patman.gff2.gz","y","","Yes","","Yes","No","SL143/SL143.v_Chlamydomonas_reinhardtii_transcript-v5.3.patman.redundant_aligned_reads.fasta.gz"
"SL144","Attila Molnar","Internal","Yes","Gametes induced by N starvation",9,"CC4350","wt","FALSE","no","no","N Starved Gametes","Vegetative","SL144/SL144.non_redundant.v_genome_JGI_assembly5_Chlamydomonas_reinhardtii.patman.gff2.gz","y","","Yes","","Yes","No","SL144/SL144.v_Chlamydomonas_reinhardtii_transcript-v5.3.patman.redundant_aligned_reads.fasta.gz"
"SL145","Attila Molnar","Internal","Yes","FALSE",10,"CC4350","wt","FALSE","no","no","FALSE","Vegetative","SL145/SL145.non_redundant.v_genome_JGI_assembly5_Chlamydomonas_reinhardtii.patman.gff2.gz","y","","Yes","","Yes","Yes","SL145/SL145.v_Chlamydomonas_reinhardtii_transcript-v5.3.patman.redundant_aligned_reads.fasta.gz"
"SL146","Attila Molnar","Internal","Yes","FALSE",10,"CC4350","wt","FALSE","no","no","FALSE","Vegetative","SL146/SL146.non_redundant.v_genome_JGI_assembly5_Chlamydomonas_reinhardtii.patman.gff2.gz","y","","Yes","","Yes","No","SL146/SL146.v_Chlamydomonas_reinhardtii_transcript-v5.3.patman.redundant_aligned_reads.fasta.gz"
"SL165_1","Andy Bassett","Internal","Yes","FALSE",11,"CC4350","wt","FALSE","no","no","FALSE","Vegetative","SL165_1/SL165_1.non_redundant.v_genome_JGI_assembly5_Chlamydomonas_reinhardtii.patman.gff2.gz","y","Definetely go","No","Still remove","No","No","SL165_1/SL165_1.v_Chlamydomonas_reinhardtii_transcript-v5.3.patman.redundant_aligned_reads.fasta.gz"
"SL165_2","Andy Bassett","Internal","Yes","FALSE",11,"CC4350","wt","FALSE","no","no","FALSE","Vegetative","SL165_2/SL165_2.non_redundant.v_genome_JGI_assembly5_Chlamydomonas_reinhardtii.patman.gff2.gz","y","Definetely go","No","Still remove","No","No","SL165_2/SL165_2.v_Chlamydomonas_reinhardtii_transcript-v5.3.patman.redundant_aligned_reads.fasta.gz"
"SL166","Andy Bassett","Internal","Yes","From Nuclei of Vegetative Cells",12,"CC4350","wt","FALSE","no","no","FALSE","Vegetative","SL166/SL166.non_redundant.v_genome_JGI_assembly5_Chlamydomonas_reinhardtii.patman.gff2.gz","y","Definetely go","No","Still remove","No","No","SL166/SL166.v_Chlamydomonas_reinhardtii_transcript-v5.3.patman.redundant_aligned_reads.fasta.gz"
"SL184","Attila Molnar","Internal","Yes","Zygote 30mins",13,"CC4350","zygote","FALSE","no","no","FALSE","Zygote","SL184/SL184.non_redundant.v_genome_JGI_assembly5_Chlamydomonas_reinhardtii.patman.gff2.gz","y","","Yes","","Yes","No","SL184/SL184.v_Chlamydomonas_reinhardtii_transcript-v5.3.patman.redundant_aligned_reads.fasta.gz"
"SL185","Attila Molnar","Internal","Yes","Zygote 2 hours",14,"CC4350","zygote","FALSE","no","no","FALSE","Zygote","SL185/SL185.non_redundant.v_genome_JGI_assembly5_Chlamydomonas_reinhardtii.patman.gff2.gz","y","","Yes","","Yes","No","SL185/SL185.v_Chlamydomonas_reinhardtii_transcript-v5.3.patman.redundant_aligned_reads.fasta.gz"
"SL186","Attila Molnar","Internal","Yes","Zygote 6h",15,"CC4350","zygote","FALSE","no","no","FALSE","Zygote","SL186/SL186.non_redundant.v_genome_JGI_assembly5_Chlamydomonas_reinhardtii.patman.gff2.gz","y","","Yes","","Yes","No","SL186/SL186.v_Chlamydomonas_reinhardtii_transcript-v5.3.patman.redundant_aligned_reads.fasta.gz"
"SL187","Attila Molnar","Internal","Yes","Zygote GSM1 - transgenic",16,"CC4350","GSM1","FALSE","no","no","FALSE","Zygote","SL187/SL187.non_redundant.v_genome_JGI_assembly5_Chlamydomonas_reinhardtii.patman.gff2.gz","y","","Yes","","Yes","No","SL187/SL187.v_Chlamydomonas_reinhardtii_transcript-v5.3.patman.redundant_aligned_reads.fasta.gz"
"SL254","Attila Molnar","Internal","Yes","Zygotes",17,"CC4350","zygote","FALSE","no","no","FALSE","Zygote","SL254/SL254.non_redundant.v_genome_JGI_assembly5_Chlamydomonas_reinhardtii.patman.gff2.gz","y","","Yes","","Yes","No","SL254/SL254.v_Chlamydomonas_reinhardtii_transcript-v5.3.patman.redundant_aligned_reads.fasta.gz"
"SL255","Attila Molnar","Internal","Yes","Zygotes",18,"CC4350","zygote","FALSE","no","no","FALSE","Zygote","SL255/SL255.non_redundant.v_genome_JGI_assembly5_Chlamydomonas_reinhardtii.patman.gff2.gz","y","","Yes","","Yes","No","SL255/SL255.v_Chlamydomonas_reinhardtii_transcript-v5.3.patman.redundant_aligned_reads.fasta.gz"
"SL256","Attila Molnar","Internal","Yes","Zygotes",19,"CC4350","zygote","FALSE","no","no","FALSE","Zygote","SL256/SL256.non_redundant.v_genome_JGI_assembly5_Chlamydomonas_reinhardtii.patman.gff2.gz","y","","Yes","","Yes","No","SL256/SL256.v_Chlamydomonas_reinhardtii_transcript-v5.3.patman.redundant_aligned_reads.fasta.gz"
"SL257","Attila Molnar","Internal","Yes","Tgsm1",20,"CC4350","tgsm1","FALSE","no","no","FALSE","Vegetative","SL257/SL257.non_redundant.v_genome_JGI_assembly5_Chlamydomonas_reinhardtii.patman.gff2.gz","y","","Yes","","Yes","No","SL257/SL257.v_Chlamydomonas_reinhardtii_transcript-v5.3.patman.redundant_aligned_reads.fasta.gz"
"SL165","Attila Molnar","Internal","Yes","crr1 -Cu - biological repeat",21,"CC4350","ccr1","FALSE","no","no","Cu-","Vegetative","SL265/SL265.non_redundant.v_genome_JGI_assembly5_Chlamydomonas_reinhardtii.patman.gff2.gz","y","","Yes","","Yes","No","SL165/SL165.v_Chlamydomonas_reinhardtii_transcript-v5.3.patman.redundant_aligned_reads.fasta.gz"
"SL304","Attila Molnar","Internal","Yes","Cytoplasmic",22,"CC4350","wt","FALSE","no","no","FALSE","Vegetative","SL304/SL304.non_redundant.v_genome_JGI_assembly5_Chlamydomonas_reinhardtii.patman.gff2.gz","y","","Yes","","Yes","No","SL304/SL304.v_Chlamydomonas_reinhardtii_transcript-v5.3.patman.redundant_aligned_reads.fasta.gz"
"SL305","Attila Molnar","Internal","Yes","Vegetative Cells",23,"CC4350","wt","FALSE","no","wt","FALSE","Vegetative","SL305/SL305.non_redundant.v_genome_JGI_assembly5_Chlamydomonas_reinhardtii.patman.gff2.gz","y","","Yes","","Yes","No","SL305/SL305.v_Chlamydomonas_reinhardtii_transcript-v5.3.patman.redundant_aligned_reads.fasta.gz"
"SL306","Attila Molnar","Internal","Yes","Low Iron",24,"CC4350","wt","FALSE","no","no","Low Iron","Vegetative","SL306/SL306.non_redundant.v_genome_JGI_assembly5_Chlamydomonas_reinhardtii.patman.gff2.gz","y","Suggest remove","No","Keep","Yes","No","SL306/SL306.v_Chlamydomonas_reinhardtii_transcript-v5.3.patman.redundant_aligned_reads.fasta.gz"
"SL307","Attila Molnar","Internal","Yes","Minus Cu",25,"CC4350","wt","FALSE","no","no","Minus Cu","Vegetative","SL307/SL307.non_redundant.v_genome_JGI_assembly5_Chlamydomonas_reinhardtii.patman.gff2.gz","y","Suggest remove","No","Keep","Yes","No","SL307/SL307.v_Chlamydomonas_reinhardtii_transcript-v5.3.patman.redundant_aligned_reads.fasta.gz"
"SL308","Attila Molnar","Internal","Yes","Plus Cu",26,"CC4350","wt","FALSE","no","no","Plus Cu","Vegetative","SL308/SL308.non_redundant.v_genome_JGI_assembly5_Chlamydomonas_reinhardtii.patman.gff2.gz","y","Suggest remove","No","Keep","Yes","No","SL308/SL308.v_Chlamydomonas_reinhardtii_transcript-v5.3.patman.redundant_aligned_reads.fasta.gz"
"SL379","Attila Molnar","Internal","Yes","T5m14",27,"CC4350","FALSE","FALSE","no","no","FALSE","Vegetative","SL379/SL379.non_redundant.v_genome_JGI_assembly5_Chlamydomonas_reinhardtii.patman.gff2.gz","y","","Yes","","Yes","No","SL379/SL379.v_Chlamydomonas_reinhardtii_transcript-v5.3.patman.redundant_aligned_reads.fasta.gz"
"SL380","Attila Molnar","Internal","Yes","T5p",28,"CC4350","FALSE","FALSE","no","no","FALSE","Vegetative","SL380/SL380.non_redundant.v_genome_JGI_assembly5_Chlamydomonas_reinhardtii.patman.gff2.gz","y","","Yes","","Yes","No","SL380/SL380.v_Chlamydomonas_reinhardtii_transcript-v5.3.patman.redundant_aligned_reads.fasta.gz"
"SL390","Attila Molnar","Internal","Yes","T5m14",29,"CC4350","FALSE","FALSE","no","no","FALSE","Vegetative","SL390/SL390.non_redundant.v_genome_JGI_assembly5_Chlamydomonas_reinhardtii.patman.gff2.gz","y","","Yes","","Yes","No","SL390/SL390.v_Chlamydomonas_reinhardtii_transcript-v5.3.patman.redundant_aligned_reads.fasta.gz"
"SL391","Attila Molnar","Internal","Yes","T5m14",29,"CC4350","FALSE","FALSE","no","no","FALSE","Vegetative","SL391/SL391.non_redundant.v_genome_JGI_assembly5_Chlamydomonas_reinhardtii.patman.gff2.gz","y","","Yes","","Yes","No","SL391/SL391.v_Chlamydomonas_reinhardtii_transcript-v5.3.patman.redundant_aligned_reads.fasta.gz"
"SL392","Attila Molnar","Internal","Yes","T5P",30,"CC4350","FALSE","FALSE","no","no","FALSE","Vegetative","SL392/SL392.non_redundant.v_genome_JGI_assembly5_Chlamydomonas_reinhardtii.patman.gff2.gz","y","","Yes","","Yes","No","SL392/SL392.v_Chlamydomonas_reinhardtii_transcript-v5.3.patman.redundant_aligned_reads.fasta.gz"
"SL393","Attila Molnar","Internal","Yes","T5P",30,"CC4350","FALSE","FALSE","no","no","FALSE","Vegetative","SL393/SL393.non_redundant.v_genome_JGI_assembly5_Chlamydomonas_reinhardtii.patman.gff2.gz","y","","Yes","","Yes","No","SL393/SL393.v_Chlamydomonas_reinhardtii_transcript-v5.3.patman.redundant_aligned_reads.fasta.gz"
"SL2108","Daisy Hessenberger","Internal","Yes","125",31,"CC125","wt","FALSE","wt","no","FALSE","Vegetative","SL2108/SL2108_L1.RUN540.trimmed.filtered_15.non_redundant.v_genome_JGI_assembly5_Chlamydomonas_reinhardtii.patman.gff2.gz","y","","Yes","","Yes","Yes","SL2108/SL2108.v_Chlamydomonas_reinhardtii_transcript-v5.3.patman.redundant_aligned_reads.fasta.gz"
"SL2121","Daisy Hessenberger","Internal","Yes","125",31,"CC125","wt","FALSE","wt","no","FALSE","Vegetative","SL2121/SL2121_L1.RUNunknown.trimmed.filtered_15.non_redundant.v_genome_JGI_assembly5_Chlamydomonas_reinhardtii.patman.gff2.gz","y","","Yes","","Yes","No","SL2121/SL2121.v_Chlamydomonas_reinhardtii_transcript-v5.3.patman.redundant_aligned_reads.fasta.gz"
"SL2122","Daisy Hessenberger","Internal","Yes","125",31,"CC125","wt","FALSE","wt","no","FALSE","Vegetative","SL2122/SL2122_L1.RUNunknown.trimmed.filtered_15.non_redundant.v_genome_JGI_assembly5_Chlamydomonas_reinhardtii.patman.gff2.gz","y","","Yes","","Yes","No","SL2122/SL2122.v_Chlamydomonas_reinhardtii_transcript-v5.3.patman.redundant_aligned_reads.fasta.gz"
"SL2123","Daisy Hessenberger","Internal","Yes","J Japanese strain",32,"J","wt","FALSE","wt","no","FALSE","Vegetative","SL2124/SL2124_L1.RUNunknown.trimmed.filtered_15.non_redundant.v_genome_JGI_assembly5_Chlamydomonas_reinhardtii.patman.gff2.gz","y","","Yes","","Yes","No","SL2123/SL2123.v_Chlamydomonas_reinhardtii_transcript-v5.3.patman.redundant_aligned_reads.fasta.gz"
"SL2124","Daisy Hessenberger","Internal","Yes","J Japanese strain",32,"J","wt","FALSE","wt","no","FALSE","Vegetative","SL2123/SL2123_L1.RUNunknown.trimmed.filtered_15.non_redundant.v_genome_JGI_assembly5_Chlamydomonas_reinhardtii.patman.gff2.gz","y","","Yes","","Yes","No","SL2124/SL2124.v_Chlamydomonas_reinhardtii_transcript-v5.3.patman.redundant_aligned_reads.fasta.gz"
"SL2125","Daisy Hessenberger","Internal","Yes","J Japanese strain",32,"J","wt","FALSE","wt","no","FALSE","Vegetative","SL2125/SL2125_L1.RUNunknown.trimmed.filtered_15.non_redundant.v_genome_JGI_assembly5_Chlamydomonas_reinhardtii.patman.gff2.gz","y","","Yes","","Yes","No","SL2125/SL2125.v_Chlamydomonas_reinhardtii_transcript-v5.3.patman.redundant_aligned_reads.fasta.gz"
"SL2126","Daisy Hessenberger","Internal","No","RC_L2-1 J - cc125",33,"CC125/J","wt","FALSE","no","no","FALSE","Vegetative","SL2126/SL2126_L1.RUNunknown.trimmed.filtered_15.non_redundant.v_genome_JGI_assembly5_Chlamydomonas_reinhardtii.patman.gff2.gz","y","","No","","Yes","No","SL2126/SL2126.v_Chlamydomonas_reinhardtii_transcript-v5.3.patman.redundant_aligned_reads.fasta.gz"
"SL2127","Daisy Hessenberger","Internal","No","RC_L2-1 J - cc125",33,"CC125/J","wt","FALSE","no","no","FALSE","Vegetative","SL2127/SL2127_L1.RUNunknown.trimmed.filtered_15.non_redundant.v_genome_JGI_assembly5_Chlamydomonas_reinhardtii.patman.gff2.gz","y","","No","","Yes","No","SL2127/SL2127.v_Chlamydomonas_reinhardtii_transcript-v5.3.patman.redundant_aligned_reads.fasta.gz"
"SL2128","Daisy Hessenberger","Internal","No","RC_L2-1 J - cc125",33,"CC125/J","wt","FALSE","no","no","FALSE","Vegetative","SL2128/SL2128_L1.RUNunknown.trimmed.filtered_15.non_redundant.v_genome_JGI_assembly5_Chlamydomonas_reinhardtii.patman.gff2.gz","y","","No","","Yes","No","SL2128/SL2128.v_Chlamydomonas_reinhardtii_transcript-v5.3.patman.redundant_aligned_reads.fasta.gz"
"SL2129","Daisy Hessenberger","Internal","No","RC_L2-2 J - cc125",34,"CC125/J","wt","FALSE","no","no","FALSE","Vegetative","SL2129/SL2129_L1.RUNunknown.trimmed.filtered_15.non_redundant.v_genome_JGI_assembly5_Chlamydomonas_reinhardtii.patman.gff2.gz","y","","No","","Yes","No","SL2129/SL2129.v_Chlamydomonas_reinhardtii_transcript-v5.3.patman.redundant_aligned_reads.fasta.gz"
"SL2130","Daisy Hessenberger","Internal","No","RC_L2-2 J - cc125",34,"CC125/J","wt","FALSE","no","no","FALSE","Vegetative","SL2130/SL2130_L1.RUNunknown.trimmed.filtered_15.non_redundant.v_genome_JGI_assembly5_Chlamydomonas_reinhardtii.patman.gff2.gz","y","Possibly remove","No","Keep","Yes","No","SL2130/SL2130.v_Chlamydomonas_reinhardtii_transcript-v5.3.patman.redundant_aligned_reads.fasta.gz"
"SL2131","Daisy Hessenberger","Internal","No","RC_L2-2",34,"CC125/J","wt","FALSE","no","no","FALSE","Vegetative","SL2131/SL2131_L1.RUNunknown.trimmed.filtered_15.non_redundant.v_genome_JGI_assembly5_Chlamydomonas_reinhardtii.patman.gff2.gz","y","","No","","Yes","No","SL2131/SL2131.v_Chlamydomonas_reinhardtii_transcript-v5.3.patman.redundant_aligned_reads.fasta.gz"
"SL2132","Daisy Hessenberger","Internal","No","RC_L2-3",35,"CC125/J","wt","FALSE","no","no","FALSE","Vegetative","SL2132/SL2132_L1.RUNunknown.trimmed.filtered_15.non_redundant.v_genome_JGI_assembly5_Chlamydomonas_reinhardtii.patman.gff2.gz","y","","No","","Yes","No","SL2132/SL2132.v_Chlamydomonas_reinhardtii_transcript-v5.3.patman.redundant_aligned_reads.fasta.gz"
"SL2133","Daisy Hessenberger","Internal","No","RC_L2-3",35,"CC125/J","wt","FALSE","no","no","FALSE","Vegetative","SL2133/SL2133_L1.RUNunknown.trimmed.filtered_15.non_redundant.v_genome_JGI_assembly5_Chlamydomonas_reinhardtii.patman.gff2.gz","y","","No","","Yes","No","SL2133/SL2133.v_Chlamydomonas_reinhardtii_transcript-v5.3.patman.redundant_aligned_reads.fasta.gz"
"SL2134","Daisy Hessenberger","Internal","No","RC_L2-3",35,"CC125/J","wt","FALSE","no","no","FALSE","Vegetative","SL2134/SL2134_L1.RUNunknown.trimmed.filtered_15.non_redundant.v_genome_JGI_assembly5_Chlamydomonas_reinhardtii.patman.gff2.gz","y","","No","","Yes","No","SL2134/SL2134.v_Chlamydomonas_reinhardtii_transcript-v5.3.patman.redundant_aligned_reads.fasta.gz"
"SL2135","Daisy Hessenberger","Internal","No","RC_L2-5",36,"CC125/J","wt","FALSE","no","no","FALSE","Vegetative","SL2135/SL2135_L1.RUNunknown.trimmed.filtered_15.non_redundant.v_genome_JGI_assembly5_Chlamydomonas_reinhardtii.patman.gff2.gz","y","","No","","Yes","No","SL2135/SL2135.v_Chlamydomonas_reinhardtii_transcript-v5.3.patman.redundant_aligned_reads.fasta.gz"
"SL2136","Daisy Hessenberger","Internal","No","RC_L2-5",36,"CC125/J","wt","FALSE","no","no","FALSE","Vegetative","SL2136/SL2136_L1.RUNunknown.trimmed.filtered_15.non_redundant.v_genome_JGI_assembly5_Chlamydomonas_reinhardtii.patman.gff2.gz","y","","No","","Yes","No","SL2136/SL2136.v_Chlamydomonas_reinhardtii_transcript-v5.3.patman.redundant_aligned_reads.fasta.gz"
"SL2137","Daisy Hessenberger","Internal","No","RC_L2-5",36,"CC125/J","wt","FALSE","no","no","FALSE","Vegetative","SL2137/SL2137_L1.RUNunknown.trimmed.filtered_15.non_redundant.v_genome_JGI_assembly5_Chlamydomonas_reinhardtii.patman.gff2.gz","y","","No","","Yes","No","SL2137/SL2137.v_Chlamydomonas_reinhardtii_transcript-v5.3.patman.redundant_aligned_reads.fasta.gz"
"SL14","Attila Molnar","Internal","Yes","Chlammy WT",37,"CC4350","wt","FALSE","no","wt","FALSE","Vegetative","SL14/SL14.non_redundant.v_genome_JGI_assembly5_Chlamydomonas_reinhardtii.patman.gff2.gz","y","","Yes","","Yes","Yes","SL14/SL14.v_Chlamydomonas_reinhardtii_transcript-v5.3.patman.redundant_aligned_reads.fasta.gz"
"SL2178","Adrian Valli","Internal","Yes","CC-1883",38,"CC1883","wt","wt","no","wt","FALSE","Vegetative","SL2178/SL2178_L1.RUN546.trimmed.filtered_15.non_redundant.v_genome_JGI_assembly5_Chlamydomonas_reinhardtii.patman.gff2.gz","y","","Yes","","Yes","No","SL2178/SL2178.v_Chlamydomonas_reinhardtii_transcript-v5.3.patman.redundant_aligned_reads.fasta.gz"
"SL2180","Adrian Valli","Internal","Yes","CC-1883",38,"CC1883","wt","wt","no","wt","FALSE","Vegetative","SL2180/SL2180_L1.RUNunknown.trimmed.filtered_15.non_redundant.v_genome_JGI_assembly5_Chlamydomonas_reinhardtii.patman.gff2.gz","y","","Yes","","Yes","No","SL2180/SL2180.v_Chlamydomonas_reinhardtii_transcript-v5.3.patman.redundant_aligned_reads.fasta.gz"
"SL2179","Adrian Valli","Internal","Yes","CC-1883",38,"CC1883","wt","wt","no","wt","FALSE","Vegetative","SL2179/SL2179_L1.RUNunknown.trimmed.filtered_15.non_redundant.v_genome_JGI_assembly5_Chlamydomonas_reinhardtii.patman.gff2.gz","y","","Yes","","Yes","No","SL2179/SL2179.v_Chlamydomonas_reinhardtii_transcript-v5.3.patman.redundant_aligned_reads.fasta.gz"
"SL2181","Adrian Valli","Internal","Yes","A4-1 Parental - PSY miRFALSE",39,"CC1883","PSY miRNA","wt","wt","no","FALSE","Vegetative","SL2181/SL2181_L1.RUNunknown.trimmed.filtered_15.non_redundant.v_genome_JGI_assembly5_Chlamydomonas_reinhardtii.patman.gff2.gz","y","","Yes","","Yes","No","SL2181/SL2181.v_Chlamydomonas_reinhardtii_transcript-v5.3.patman.redundant_aligned_reads.fasta.gz"
"SL2182","Adrian Valli","Internal","Yes","A4-1 Parental - PSY miRFALSE",39,"CC1883","PSY miRNA","wt","wt","no","FALSE","Vegetative","SL2182/SL2182_L1.RUNunknown.trimmed.filtered_15.non_redundant.v_genome_JGI_assembly5_Chlamydomonas_reinhardtii.patman.gff2.gz","y","","Yes","","Yes","No","SL2182/SL2182.v_Chlamydomonas_reinhardtii_transcript-v5.3.patman.redundant_aligned_reads.fasta.gz"
"SL2183","Adrian Valli","Internal","Yes","A4-1 Parental - PSY miRFALSE",39,"CC1883","PSY miRNA","wt","wt","no","FALSE","Vegetative","SL2183/SL2183_L1.RUNunknown.trimmed.filtered_15.non_redundant.v_genome_JGI_assembly5_Chlamydomonas_reinhardtii.patman.gff2.gz","y","","Yes","","Yes","No","SL2183/SL2183.v_Chlamydomonas_reinhardtii_transcript-v5.3.patman.redundant_aligned_reads.fasta.gz"
"SL2184","Adrian Valli","Internal","Yes","C5-3 Parental - PSY miRFALSE",40,"CC1883","PSY miRNA","wt","wt","no","FALSE","Vegetative","SL2184/SL2184_L1.RUNunknown.trimmed.filtered_15.non_redundant.v_genome_JGI_assembly5_Chlamydomonas_reinhardtii.patman.gff2.gz","y","","Yes","","Yes","No","SL2184/SL2184.v_Chlamydomonas_reinhardtii_transcript-v5.3.patman.redundant_aligned_reads.fasta.gz"
"SL2185","Adrian Valli","Internal","Yes","C5-3 Parental - PSY miRFALSE",40,"CC1883","PSY miRNA","wt","wt","no","FALSE","Vegetative","SL2185/SL2185_L1.RUNunknown.trimmed.filtered_15.non_redundant.v_genome_JGI_assembly5_Chlamydomonas_reinhardtii.patman.gff2.gz","y","","Yes","","Yes","No","SL2185/SL2185.v_Chlamydomonas_reinhardtii_transcript-v5.3.patman.redundant_aligned_reads.fasta.gz"
"SL2186","Adrian Valli","Internal","Yes","C5-3 Parental - PSY miRFALSE",40,"CC1883","PSY miRNA","wt","wt","no","FALSE","Vegetative","SL2186/SL2186_L1.RUNunknown.trimmed.filtered_15.non_redundant.v_genome_JGI_assembly5_Chlamydomonas_reinhardtii.patman.gff2.gz","y","","Yes","","Yes","No","SL2186/SL2186.v_Chlamydomonas_reinhardtii_transcript-v5.3.patman.redundant_aligned_reads.fasta.gz"
"SL2187","Adrian Valli","Internal","Yes","E9-3 Parental - PSY miRFALSE",41,"CC1883","PSY miRNA","wt","wt","no","FALSE","Vegetative","SL2187/SL2187_L1.RUNunknown.trimmed.filtered_15.non_redundant.v_genome_JGI_assembly5_Chlamydomonas_reinhardtii.patman.gff2.gz","y","","Yes","","Yes","No","SL2187/SL2187.v_Chlamydomonas_reinhardtii_transcript-v5.3.patman.redundant_aligned_reads.fasta.gz"
"SL2188","Adrian Valli","Internal","Yes","E9-3 Parental - PSY miRFALSE",41,"CC1883","PSY miRNA","wt","wt","no","FALSE","Vegetative","SL2188/SL2188_L1.RUNunknown.trimmed.filtered_15.non_redundant.v_genome_JGI_assembly5_Chlamydomonas_reinhardtii.patman.gff2.gz","y","","Yes","","Yes","No","SL2188/SL2188.v_Chlamydomonas_reinhardtii_transcript-v5.3.patman.redundant_aligned_reads.fasta.gz"
"SL2189","Adrian Valli","Internal","Yes","E9-3 Parental - PSY miRFALSE",41,"CC1883","PSY miRNA","wt","wt","no","FALSE","Vegetative","SL2189/SL2189_L1.RUNunknown.trimmed.filtered_15.non_redundant.v_genome_JGI_assembly5_Chlamydomonas_reinhardtii.patman.gff2.gz","y","","Yes","","Yes","No","SL2189/SL2189.v_Chlamydomonas_reinhardtii_transcript-v5.3.patman.redundant_aligned_reads.fasta.gz"
"SL2190","Adrian Valli","Internal","Yes","Mutant m11",42,"CC1883","m11","m11","no","no","FALSE","Vegetative","SL2190/SL2190_L1.RUNunknown.trimmed.filtered_15.non_redundant.v_genome_JGI_assembly5_Chlamydomonas_reinhardtii.patman.gff2.gz","y","","Yes","","Yes","No","SL2190/SL2190.v_Chlamydomonas_reinhardtii_transcript-v5.3.patman.redundant_aligned_reads.fasta.gz"
"SL2191","Adrian Valli","Internal","Yes","Mutant m11",42,"CC1883","m11","m11","no","no","FALSE","Vegetative","SL2191/SL2191_L1.RUNunknown.trimmed.filtered_15.non_redundant.v_genome_JGI_assembly5_Chlamydomonas_reinhardtii.patman.gff2.gz","y","","Yes","","Yes","No","SL2191/SL2191.v_Chlamydomonas_reinhardtii_transcript-v5.3.patman.redundant_aligned_reads.fasta.gz"
"SL2192","Adrian Valli","Internal","Yes","Mutant m11",42,"CC1883","m11","m11","no","no","FALSE","Vegetative","SL2192/SL2192_L1.RUNunknown.trimmed.filtered_15.non_redundant.v_genome_JGI_assembly5_Chlamydomonas_reinhardtii.patman.gff2.gz","y","","Yes","","Yes","No","SL2192/SL2192.v_Chlamydomonas_reinhardtii_transcript-v5.3.patman.redundant_aligned_reads.fasta.gz"
"SL2193","Adrian Valli","Internal","Yes","Mutant m12",43,"CC1883","m12","m12","no","no","FALSE","Vegetative","SL2193/SL2193_L1.RUNunknown.trimmed.filtered_15.non_redundant.v_genome_JGI_assembly5_Chlamydomonas_reinhardtii.patman.gff2.gz","y","Suggest remove","No","Keep","Yes","No","SL2193/SL2193.v_Chlamydomonas_reinhardtii_transcript-v5.3.patman.redundant_aligned_reads.fasta.gz"
"SL2194","Adrian Valli","Internal","Yes","Mutant m12",43,"CC1883","m12","m12","no","no","FALSE","Vegetative","SL2194/SL2194_L1.RUNunknown.trimmed.filtered_15.non_redundant.v_genome_JGI_assembly5_Chlamydomonas_reinhardtii.patman.gff2.gz","y","Suggest remove","No","Keep","Yes","No","SL2194/SL2194.v_Chlamydomonas_reinhardtii_transcript-v5.3.patman.redundant_aligned_reads.fasta.gz"
"SL2195","Adrian Valli","Internal","Yes","Mutant m12",43,"CC1883","m12","m12","no","no","FALSE","Vegetative","SL2195/SL2195_L1.RUNunknown.trimmed.filtered_15.non_redundant.v_genome_JGI_assembly5_Chlamydomonas_reinhardtii.patman.gff2.gz","y","Suggest remove","No","Keep","Yes","No","SL2195/SL2195.v_Chlamydomonas_reinhardtii_transcript-v5.3.patman.redundant_aligned_reads.fasta.gz"
"SL2196","Adrian Valli","Internal","Yes","Mutant m13",44,"CC1883","m13","m13","no","no","FALSE","Vegetative","SL2196/SL2196_L1.RUNunknown.trimmed.filtered_15.non_redundant.v_genome_JGI_assembly5_Chlamydomonas_reinhardtii.patman.gff2.gz","y","Suggest remove","No","Keep","Yes","No","SL2196/SL2196.v_Chlamydomonas_reinhardtii_transcript-v5.3.patman.redundant_aligned_reads.fasta.gz"
"SL2197","Adrian Valli","Internal","Yes","Mutant m13",44,"CC1883","m13","m13","no","no","FALSE","Vegetative","SL2197/SL2197_L1.RUNunknown.trimmed.filtered_15.non_redundant.v_genome_JGI_assembly5_Chlamydomonas_reinhardtii.patman.gff2.gz","y","Suggest remove","No","Keep","Yes","No","SL2197/SL2197.v_Chlamydomonas_reinhardtii_transcript-v5.3.patman.redundant_aligned_reads.fasta.gz"
"SL2198","Adrian Valli","Internal","Yes","Mutant m13",44,"CC1883","m13","m13","no","no","FALSE","Vegetative","SL2198/SL2198_L1.RUNunknown.trimmed.filtered_15.non_redundant.v_genome_JGI_assembly5_Chlamydomonas_reinhardtii.patman.gff2.gz","y","Definetely go","No","Keep","Yes","No","SL2198/SL2198.v_Chlamydomonas_reinhardtii_transcript-v5.3.patman.redundant_aligned_reads.fasta.gz"
"SL2199","Adrian Valli","Internal","Yes","Mutant m27",45,"CC1883","m27","m27","no","no","FALSE","Vegetative","SL2199/SL2199_L1.RUNunknown.trimmed.filtered_15.non_redundant.v_genome_JGI_assembly5_Chlamydomonas_reinhardtii.patman.gff2.gz","y","","Yes","","Yes","No","SL2199/SL2199.v_Chlamydomonas_reinhardtii_transcript-v5.3.patman.redundant_aligned_reads.fasta.gz"
"SL2200","Adrian Valli","Internal","Yes","Mutant m27",45,"CC1883","m27","m27","no","no","FALSE","Vegetative","SL2200/SL2200_L1.RUNunknown.trimmed.filtered_15.non_redundant.v_genome_JGI_assembly5_Chlamydomonas_reinhardtii.patman.gff2.gz","y","","Yes","","Yes","No","SL2200/SL2200.v_Chlamydomonas_reinhardtii_transcript-v5.3.patman.redundant_aligned_reads.fasta.gz"
"SL2201","Adrian Valli","Internal","Yes","Mutant m27",45,"CC1883","m27","m27","no","no","FALSE","Vegetative","SL2201/SL2201_L1.RUNunknown.trimmed.filtered_15.non_redundant.v_genome_JGI_assembly5_Chlamydomonas_reinhardtii.patman.gff2.gz","y","","Yes","","Yes","No","SL2201/SL2201.v_Chlamydomonas_reinhardtii_transcript-v5.3.patman.redundant_aligned_reads.fasta.gz"
"SL2202","Adrian Valli","Internal","Yes","Mutant m37 - DCL3?",46,"CC1883","dcl3","dcl3","no","no","FALSE","Vegetative","SL2202/SL2202_L1.RUNunknown.trimmed.filtered_15.non_redundant.v_genome_JGI_assembly5_Chlamydomonas_reinhardtii.patman.gff2.gz","y","","Yes","","Yes","No","SL2202/SL2202.v_Chlamydomonas_reinhardtii_transcript-v5.3.patman.redundant_aligned_reads.fasta.gz"
"SL2203","Adrian Valli","Internal","Yes","Mutant m37 - DCL3?",46,"CC1883","dcl3","dcl3","no","no","FALSE","Vegetative","SL2203/SL2203_L1.RUNunknown.trimmed.filtered_15.non_redundant.v_genome_JGI_assembly5_Chlamydomonas_reinhardtii.patman.gff2.gz","y","","Yes","","Yes","No","SL2203/SL2203.v_Chlamydomonas_reinhardtii_transcript-v5.3.patman.redundant_aligned_reads.fasta.gz"
"SL2204","Adrian Valli","Internal","Yes","Mutant m37 - DCL3?",46,"CC1883","dcl3","dcl3","no","no","FALSE","Vegetative","SL2204/SL2204_L1.RUNunknown.trimmed.filtered_15.non_redundant.v_genome_JGI_assembly5_Chlamydomonas_reinhardtii.patman.gff2.gz","y","Definetely go","No","Keep","Yes","No","SL2204/SL2204.v_Chlamydomonas_reinhardtii_transcript-v5.3.patman.redundant_aligned_reads.fasta.gz"
"SL2205","Adrian Valli","Internal","Yes","Mutant m47 -close to DCL3",47,"CC1883","dcl3","dcl3","no","no","FALSE","Vegetative","SL2205/SL2205_L1.RUNunknown.trimmed.filtered_15.non_redundant.v_genome_JGI_assembly5_Chlamydomonas_reinhardtii.patman.gff2.gz","y","","Yes","","Yes","No","SL2205/SL2205.v_Chlamydomonas_reinhardtii_transcript-v5.3.patman.redundant_aligned_reads.fasta.gz"
"SL2206","Adrian Valli","Internal","Yes","Mutant m47 -close to DCL3",47,"CC1883","dcl3","dcl3","no","no","FALSE","Vegetative","SL2206/SL2206_L1.RUNunknown.trimmed.filtered_15.non_redundant.v_genome_JGI_assembly5_Chlamydomonas_reinhardtii.patman.gff2.gz","y","Possibly remove","No","Keep","Yes","No","SL2206/SL2206.v_Chlamydomonas_reinhardtii_transcript-v5.3.patman.redundant_aligned_reads.fasta.gz"
"SL2207","Adrian Valli","Internal","Yes","Mutant m47 -close to DCL3",47,"CC1883","dcl3","dcl3","no","no","FALSE","Vegetative","SL2207/SL2207_L1.RUNunknown.trimmed.filtered_15.non_redundant.v_genome_JGI_assembly5_Chlamydomonas_reinhardtii.patman.gff2.gz","y","","Yes","","Yes","No","SL2207/SL2207.v_Chlamydomonas_reinhardtii_transcript-v5.3.patman.redundant_aligned_reads.fasta.gz"
"SL2208","Adrian Valli","Internal","Yes","Mutant m50 - close to dsDNA binding protein",48,"CC1883","m50","m50","no","no","FALSE","Vegetative","SL2208/SL2208_L1.RUNunknown.trimmed.filtered_15.non_redundant.v_genome_JGI_assembly5_Chlamydomonas_reinhardtii.patman.gff2.gz","y","","Yes","","Yes","No","SL2208/SL2208.v_Chlamydomonas_reinhardtii_transcript-v5.3.patman.redundant_aligned_reads.fasta.gz"
"SL2209","Adrian Valli","Internal","Yes","Mutant m50 - close to dsDNA binding protein",48,"CC1883","m50","m50","no","no","FALSE","Vegetative","SL2209/SL2209_L1.RUNunknown.trimmed.filtered_15.non_redundant.v_genome_JGI_assembly5_Chlamydomonas_reinhardtii.patman.gff2.gz","y","","Yes","","Yes","No","SL2209/SL2209.v_Chlamydomonas_reinhardtii_transcript-v5.3.patman.redundant_aligned_reads.fasta.gz"
"SL2210","Adrian Valli","Internal","Yes","Mutant m50 - close to dsDNA binding protein",48,"CC1883","m50","m50","no","no","FALSE","Vegetative","SL2210/SL2210_L1.RUNunknown.trimmed.filtered_15.non_redundant.v_genome_JGI_assembly5_Chlamydomonas_reinhardtii.patman.gff2.gz","y","","Yes","","Yes","No","SL2210/SL2210.v_Chlamydomonas_reinhardtii_transcript-v5.3.patman.redundant_aligned_reads.fasta.gz"
"SL2211","Adrian Valli","Internal","Yes","Mutant m51 - in dcl3",49,"CC1883","dcl3","dcl3","no","no","FALSE","Vegetative","SL2211/SL2211_L1.RUNunknown.trimmed.filtered_15.non_redundant.v_genome_JGI_assembly5_Chlamydomonas_reinhardtii.patman.gff2.gz","y","Possibly remove","No","Keep","Yes","No","SL2211/SL2211.v_Chlamydomonas_reinhardtii_transcript-v5.3.patman.redundant_aligned_reads.fasta.gz"
"SL2212","Adrian Valli","Internal","Yes","Mutant m51 - in dcl3",49,"CC1883","dcl3","dcl3","no","no","FALSE","Vegetative","SL2212/SL2212_L1.RUNunknown.trimmed.filtered_15.non_redundant.v_genome_JGI_assembly5_Chlamydomonas_reinhardtii.patman.gff2.gz","y","","Yes","","Yes","No","SL2212/SL2212.v_Chlamydomonas_reinhardtii_transcript-v5.3.patman.redundant_aligned_reads.fasta.gz"
"SL2213","Adrian Valli","Internal","Yes","Mutant m51 - in dcl3",49,"CC1883","dcl3","dcl3","no","no","FALSE","Vegetative","SL2213/SL2213_L1.RUNunknown.trimmed.filtered_15.non_redundant.v_genome_JGI_assembly5_Chlamydomonas_reinhardtii.patman.gff2.gz","y","","Yes","","Yes","No","SL2213/SL2213.v_Chlamydomonas_reinhardtii_transcript-v5.3.patman.redundant_aligned_reads.fasta.gz"
"SL2214","Adrian Valli","Internal","Yes","Mutant m52 - dcl3?",50,"CC1883","dcl3","dcl3","no","no","FALSE","Vegetative","SL2214/SL2214_L1.RUNunknown.trimmed.filtered_15.non_redundant.v_genome_JGI_assembly5_Chlamydomonas_reinhardtii.patman.gff2.gz","y","","Yes","","Yes","No","SL2214/SL2214.v_Chlamydomonas_reinhardtii_transcript-v5.3.patman.redundant_aligned_reads.fasta.gz"
"SL2215","Adrian Valli","Internal","Yes","Mutant m52 - dcl3?",50,"CC1883","dcl3","dcl3","no","no","FALSE","Vegetative","SL2215/SL2215_L1.RUNunknown.trimmed.filtered_15.non_redundant.v_genome_JGI_assembly5_Chlamydomonas_reinhardtii.patman.gff2.gz","y","","Yes","","Yes","No","SL2215/SL2215.v_Chlamydomonas_reinhardtii_transcript-v5.3.patman.redundant_aligned_reads.fasta.gz"
"SL2216","Adrian Valli","Internal","Yes","Mutant m52 - dcl3?",50,"CC1883","dcl3","dcl3","no","no","FALSE","Vegetative","SL2216/SL2216_L1.RUNunknown.trimmed.filtered_15.non_redundant.v_genome_JGI_assembly5_Chlamydomonas_reinhardtii.patman.gff2.gz","y","Possibly remove","No","Keep","Yes","No","SL2216/SL2216.v_Chlamydomonas_reinhardtii_transcript-v5.3.patman.redundant_aligned_reads.fasta.gz"
"SL2217","Adrian Valli","Internal","Yes","Mutant m54 - dcl3?",51,"CC1883","dcl3","dcl3","no","no","FALSE","Vegetative","SL2217/SL2217_L1.RUNunknown.trimmed.filtered_15.non_redundant.v_genome_JGI_assembly5_Chlamydomonas_reinhardtii.patman.gff2.gz","y","","Yes","","Yes","No","SL2217/SL2217.v_Chlamydomonas_reinhardtii_transcript-v5.3.patman.redundant_aligned_reads.fasta.gz"
"SL2218","Adrian Valli","Internal","Yes","Mutant m54 - dcl3?",51,"CC1883","dcl3","dcl3","no","no","FALSE","Vegetative","SL2218/SL2218_L1.RUNunknown.trimmed.filtered_15.non_redundant.v_genome_JGI_assembly5_Chlamydomonas_reinhardtii.patman.gff2.gz","y","","Yes","","Yes","No","SL2218/SL2218.v_Chlamydomonas_reinhardtii_transcript-v5.3.patman.redundant_aligned_reads.fasta.gz"
"SL2219","Adrian Valli","Internal","Yes","Mutant m54 - dcl3?",51,"CC1883","dcl3","dcl3","no","no","FALSE","Vegetative","SL2219/SL2219_L1.RUNunknown.trimmed.filtered_15.non_redundant.v_genome_JGI_assembly5_Chlamydomonas_reinhardtii.patman.gff2.gz","y","","Yes","","Yes","No","SL2219/SL2219.v_Chlamydomonas_reinhardtii_transcript-v5.3.patman.redundant_aligned_reads.fasta.gz"
"SL2220","Adrian Valli","Internal","Yes","Mutant m56",52,"CC1883","m56","m56","no","no","FALSE","Vegetative","SL2220/SL2220_L1.RUNunknown.trimmed.filtered_15.non_redundant.v_genome_JGI_assembly5_Chlamydomonas_reinhardtii.patman.gff2.gz","y","","Yes","","Yes","No","SL2220/SL2220.v_Chlamydomonas_reinhardtii_transcript-v5.3.patman.redundant_aligned_reads.fasta.gz"
"SL2221","Adrian Valli","Internal","Yes","Mutant m56",52,"CC1883","m56","m56","no","no","FALSE","Vegetative","SL2221/SL2221_L1.RUNunknown.trimmed.filtered_15.non_redundant.v_genome_JGI_assembly5_Chlamydomonas_reinhardtii.patman.gff2.gz","y","","Yes","","Yes","No","SL2221/SL2221.v_Chlamydomonas_reinhardtii_transcript-v5.3.patman.redundant_aligned_reads.fasta.gz"
"SL2222","Adrian Valli","Internal","Yes","Mutant m56",52,"CC1883","m56","m56","no","no","FALSE","Vegetative","SL2222/SL2222_L1.RUNunknown.trimmed.filtered_15.non_redundant.v_genome_JGI_assembly5_Chlamydomonas_reinhardtii.patman.gff2.gz","y","","Yes","","Yes","No","SL2222/SL2222.v_Chlamydomonas_reinhardtii_transcript-v5.3.patman.redundant_aligned_reads.fasta.gz"
"SL2223","Adrian Valli","Internal","Yes","Mutant m57",53,"CC1883","m57","m57","no","no","FALSE","Vegetative","SL2223/SL2223_L1.RUNunknown.trimmed.filtered_15.non_redundant.v_genome_JGI_assembly5_Chlamydomonas_reinhardtii.patman.gff2.gz","y","","Yes","","Yes","No","SL2223/SL2223.v_Chlamydomonas_reinhardtii_transcript-v5.3.patman.redundant_aligned_reads.fasta.gz"
"SL2224","Adrian Valli","Internal","Yes","Mutant m57",53,"CC1883","m57","m57","no","no","FALSE","Vegetative","SL2224/SL2224_L1.RUNunknown.trimmed.filtered_15.non_redundant.v_genome_JGI_assembly5_Chlamydomonas_reinhardtii.patman.gff2.gz","y","","Yes","","Yes","No","SL2224/SL2224.v_Chlamydomonas_reinhardtii_transcript-v5.3.patman.redundant_aligned_reads.fasta.gz"
"SL2225","Adrian Valli","Internal","Yes","Mutant m57",53,"CC1883","m57","m57","no","no","FALSE","Vegetative","SL2225/SL2225_L1.RUNunknown.trimmed.filtered_15.non_redundant.v_genome_JGI_assembly5_Chlamydomonas_reinhardtii.patman.gff2.gz","y","","Yes","","Yes","No","SL2225/SL2225.v_Chlamydomonas_reinhardtii_transcript-v5.3.patman.redundant_aligned_reads.fasta.gz"
"SL2298","Adrian Valli","Internal","Yes","CC-1883 WT",54,"CC1883","wt","wt","no","wt","FALSE","Vegetative","SL2298/SL2298_L1.RUN618.trimmed.filtered_15.non_redundant.v_genome_JGI_assembly5_Chlamydomonas_reinhardtii.patman.gff2.gz","y","","Yes","","Yes","Yes","SL2298/SL2298.v_Chlamydomonas_reinhardtii_transcript-v5.3.patman.redundant_aligned_reads.fasta.gz"
"SL2299","Adrian Valli","Internal","Yes","CC-1883 WT",54,"CC1883","wt","wt","no","wt","FALSE","Vegetative","SL2299/SL2299_L1.RUNunknown.trimmed.filtered_15.non_redundant.v_genome_JGI_assembly5_Chlamydomonas_reinhardtii.patman.gff2.gz","y","","Yes","","Yes","No","SL2299/SL2299.v_Chlamydomonas_reinhardtii_transcript-v5.3.patman.redundant_aligned_reads.fasta.gz"
"SL2300","Adrian Valli","Internal","Yes","CC-1883 WT",54,"CC1883","wt","wt","no","wt","FALSE","Vegetative","SL2300/SL2300_L1.RUNunknown.trimmed.filtered_15.non_redundant.v_genome_JGI_assembly5_Chlamydomonas_reinhardtii.patman.gff2.gz","y","","Yes","","Yes","No","SL2300/SL2300.v_Chlamydomonas_reinhardtii_transcript-v5.3.patman.redundant_aligned_reads.fasta.gz"
"SL2301","Adrian Valli","Internal","Yes","E9-3 Parental",55,"CC1883","wt","wt","wt","no","FALSE","Vegetative","SL2301/SL2301_L1.RUNunknown.trimmed.filtered_15.non_redundant.v_genome_JGI_assembly5_Chlamydomonas_reinhardtii.patman.gff2.gz","y","","Yes","","Yes","No","SL2301/SL2301.v_Chlamydomonas_reinhardtii_transcript-v5.3.patman.redundant_aligned_reads.fasta.gz"
"SL2302","Adrian Valli","Internal","Yes","E9-3 Parental",55,"CC1883","wt","wt","wt","no","FALSE","Vegetative","SL2302/SL2302_L1.RUNunknown.trimmed.filtered_15.non_redundant.v_genome_JGI_assembly5_Chlamydomonas_reinhardtii.patman.gff2.gz","y","","Yes","","Yes","No","SL2302/SL2302.v_Chlamydomonas_reinhardtii_transcript-v5.3.patman.redundant_aligned_reads.fasta.gz"
"SL2303","Adrian Valli","Internal","Yes","E9-3 Parental",55,"CC1883","wt","wt","wt","no","FALSE","Vegetative","SL2303/SL2303_L1.RUNunknown.trimmed.filtered_15.non_redundant.v_genome_JGI_assembly5_Chlamydomonas_reinhardtii.patman.gff2.gz","y","","Yes","","Yes","No","SL2303/SL2303.v_Chlamydomonas_reinhardtii_transcript-v5.3.patman.redundant_aligned_reads.fasta.gz"
"SL2304","Adrian Valli","Internal","Yes","m47",56,"CC1883","dcl3","dcl3","no","no","FALSE","Vegetative","SL2304/SL2304_L1.RUNunknown.trimmed.filtered_15.non_redundant.v_genome_JGI_assembly5_Chlamydomonas_reinhardtii.patman.gff2.gz","y","","Yes","","Yes","No","SL2304/SL2304.v_Chlamydomonas_reinhardtii_transcript-v5.3.patman.redundant_aligned_reads.fasta.gz"
"SL2305","Adrian Valli","Internal","Yes","m47",56,"CC1883","dcl3","dcl3","no","no","FALSE","Vegetative","SL2305/SL2305_L1.RUNunknown.trimmed.filtered_15.non_redundant.v_genome_JGI_assembly5_Chlamydomonas_reinhardtii.patman.gff2.gz","y","","Yes","","Yes","No","SL2305/SL2305.v_Chlamydomonas_reinhardtii_transcript-v5.3.patman.redundant_aligned_reads.fasta.gz"
"SL2306","Adrian Valli","Internal","Yes","m47",56,"CC1883","dcl3","dcl3","no","no","FALSE","Vegetative","SL2306/SL2306_L1.RUNunknown.trimmed.filtered_15.non_redundant.v_genome_JGI_assembly5_Chlamydomonas_reinhardtii.patman.gff2.gz","y","","Yes","","Yes","No","SL2306/SL2306.v_Chlamydomonas_reinhardtii_transcript-v5.3.patman.redundant_aligned_reads.fasta.gz"
"SL2307","Adrian Valli","Internal","Yes","m51",57,"CC1883","dcl3","dcl3","no","no","FALSE","Vegetative","SL2307/SL2307_L1.RUNunknown.trimmed.filtered_15.non_redundant.v_genome_JGI_assembly5_Chlamydomonas_reinhardtii.patman.gff2.gz","y","","Yes","","Yes","No","SL2307/SL2307.v_Chlamydomonas_reinhardtii_transcript-v5.3.patman.redundant_aligned_reads.fasta.gz"
"SL2308","Adrian Valli","Internal","Yes","m51",57,"CC1883","dcl3","dcl3","no","no","FALSE","Vegetative","SL2308/SL2308_L1.RUNunknown.trimmed.filtered_15.non_redundant.v_genome_JGI_assembly5_Chlamydomonas_reinhardtii.patman.gff2.gz","y","Possibly remove","No","Keep","Yes","No","SL2308/SL2308.v_Chlamydomonas_reinhardtii_transcript-v5.3.patman.redundant_aligned_reads.fasta.gz"
"SL2309","Adrian Valli","Internal","Yes","m51",57,"CC1883","dcl3","dcl3","no","no","FALSE","Vegetative","SL2309/SL2309_L1.RUNunknown.trimmed.filtered_15.non_redundant.v_genome_JGI_assembly5_Chlamydomonas_reinhardtii.patman.gff2.gz","y","","Yes","","Yes","No","SL2309/SL2309.v_Chlamydomonas_reinhardtii_transcript-v5.3.patman.redundant_aligned_reads.fasta.gz"
"SL2310","Adrian Valli","Internal","Yes","A4-1",58,"CC1883","wt","wt","wt","no","FALSE","Vegetative","SL2310/SL2310_L1.RUN619.trimmed.filtered_15.non_redundant.v_genome_JGI_assembly5_Chlamydomonas_reinhardtii.patman.gff2.gz","y","","Yes","","Yes","No","SL2310/SL2310.v_Chlamydomonas_reinhardtii_transcript-v5.3.patman.redundant_aligned_reads.fasta.gz"
"SL2311","Adrian Valli","Internal","Yes","A4-1",58,"CC1883","wt","wt","wt","no","FALSE","Vegetative","SL2311/SL2311_L1.RUNunknown.trimmed.filtered_15.non_redundant.v_genome_JGI_assembly5_Chlamydomonas_reinhardtii.patman.gff2.gz","y","","Yes","","Yes","No","SL2311/SL2311.v_Chlamydomonas_reinhardtii_transcript-v5.3.patman.redundant_aligned_reads.fasta.gz"
"SL2312","Adrian Valli","Internal","Yes","A4-1",58,"CC1883","wt","wt","wt","no","FALSE","Vegetative","SL2312/SL2312_L1.RUNunknown.trimmed.filtered_15.non_redundant.v_genome_JGI_assembly5_Chlamydomonas_reinhardtii.patman.gff2.gz","y","","Yes","","Yes","No","SL2312/SL2312.v_Chlamydomonas_reinhardtii_transcript-v5.3.patman.redundant_aligned_reads.fasta.gz"
"SL2313","Adrian Valli","Internal","Yes","E9-3 Parental",59,"CC1883","wt","wt","wt","no","FALSE","Vegetative","SL2313/SL2313_L1.RUNunknown.trimmed.filtered_15.non_redundant.v_genome_JGI_assembly5_Chlamydomonas_reinhardtii.patman.gff2.gz","y","","Yes","","Yes","No","SL2313/SL2313.v_Chlamydomonas_reinhardtii_transcript-v5.3.patman.redundant_aligned_reads.fasta.gz"
"SL2314","Adrian Valli","Internal","Yes","E9-3 Parental",59,"CC1883","wt","wt","wt","no","FALSE","Vegetative","SL2314/SL2314_L1.RUNunknown.trimmed.filtered_15.non_redundant.v_genome_JGI_assembly5_Chlamydomonas_reinhardtii.patman.gff2.gz","y","","Yes","","Yes","No","SL2314/SL2314.v_Chlamydomonas_reinhardtii_transcript-v5.3.patman.redundant_aligned_reads.fasta.gz"
"SL2315","Adrian Valli","Internal","Yes","E9-3 Parental",59,"CC1883","wt","wt","wt","no","FALSE","Vegetative","SL2315/SL2315_L1.RUNunknown.trimmed.filtered_15.non_redundant.v_genome_JGI_assembly5_Chlamydomonas_reinhardtii.patman.gff2.gz","y","","Yes","","Yes","No","SL2315/SL2315.v_Chlamydomonas_reinhardtii_transcript-v5.3.patman.redundant_aligned_reads.fasta.gz"
"SL2316","Adrian Valli","Internal","Yes","m37",60,"CC1883","dcl3","dcl3","no","no","FALSE","Vegetative","SL2316/SL2316_L1.RUNunknown.trimmed.filtered_15.non_redundant.v_genome_JGI_assembly5_Chlamydomonas_reinhardtii.patman.gff2.gz","y","","Yes","","Yes","No","SL2316/SL2316.v_Chlamydomonas_reinhardtii_transcript-v5.3.patman.redundant_aligned_reads.fasta.gz"
"SL2317","Adrian Valli","Internal","Yes","m37",60,"CC1883","dcl3","dcl3","no","no","FALSE","Vegetative","SL2317/SL2317_L1.RUNunknown.trimmed.filtered_15.non_redundant.v_genome_JGI_assembly5_Chlamydomonas_reinhardtii.patman.gff2.gz","y","","Yes","","Yes","No","SL2317/SL2317.v_Chlamydomonas_reinhardtii_transcript-v5.3.patman.redundant_aligned_reads.fasta.gz"
"SL2318","Adrian Valli","Internal","Yes","m37",60,"CC1883","dcl3","dcl3","no","no","FALSE","Vegetative","SL2318/SL2318_L1.RUNunknown.trimmed.filtered_15.non_redundant.v_genome_JGI_assembly5_Chlamydomonas_reinhardtii.patman.gff2.gz","y","","Yes","","Yes","No","SL2318/SL2318.v_Chlamydomonas_reinhardtii_transcript-v5.3.patman.redundant_aligned_reads.fasta.gz"
"SL2319","Adrian Valli","Internal","Yes","m51",61,"CC1883","dcl3","dcl3","no","no","FALSE","Vegetative","SL2319/SL2319_L1.RUNunknown.trimmed.filtered_15.non_redundant.v_genome_JGI_assembly5_Chlamydomonas_reinhardtii.patman.gff2.gz","y","","Yes","","Yes","No","SL2319/SL2319.v_Chlamydomonas_reinhardtii_transcript-v5.3.patman.redundant_aligned_reads.fasta.gz"
"SL2320","Adrian Valli","Internal","Yes","m51",61,"CC1883","dcl3","dcl3","no","no","FALSE","Vegetative","SL2320/SL2320_L1.RUNunknown.trimmed.filtered_15.non_redundant.v_genome_JGI_assembly5_Chlamydomonas_reinhardtii.patman.gff2.gz","y","","Yes","","Yes","No","SL2320/SL2320.v_Chlamydomonas_reinhardtii_transcript-v5.3.patman.redundant_aligned_reads.fasta.gz"
"SL2321","Adrian Valli","Internal","Yes","m51",61,"CC1883","dcl3","dcl3","no","no","FALSE","Vegetative","SL2321/SL2321_L1.RUNunknown.trimmed.filtered_15.non_redundant.v_genome_JGI_assembly5_Chlamydomonas_reinhardtii.patman.gff2.gz","y","Possibly remove","No","Keep","Yes","No","SL2321/SL2321.v_Chlamydomonas_reinhardtii_transcript-v5.3.patman.redundant_aligned_reads.fasta.gz"
"SL2322","Adrian Valli","Internal","Yes","A4-1",62,"CC1883","wt","wt","wt","no","FALSE","Vegetative","SL2322/SL2322_L1.RUN620.trimmed.filtered_15.non_redundant.v_genome_JGI_assembly5_Chlamydomonas_reinhardtii.patman.gff2.gz","y","","Yes","","Yes","No","SL2322/SL2322.v_Chlamydomonas_reinhardtii_transcript-v5.3.patman.redundant_aligned_reads.fasta.gz"
"SL2323","Adrian Valli","Internal","Yes","A4-1",62,"CC1883","wt","wt","wt","no","FALSE","Vegetative","SL2323/SL2323_L1.RUNunknown.trimmed.filtered_15.non_redundant.v_genome_JGI_assembly5_Chlamydomonas_reinhardtii.patman.gff2.gz","y","","Yes","","Yes","No","SL2323/SL2323.v_Chlamydomonas_reinhardtii_transcript-v5.3.patman.redundant_aligned_reads.fasta.gz"
"SL2324","Adrian Valli","Internal","Yes","A4-1",62,"CC1883","wt","wt","wt","no","FALSE","Vegetative","SL2324/SL2324_L1.RUNunknown.trimmed.filtered_15.non_redundant.v_genome_JGI_assembly5_Chlamydomonas_reinhardtii.patman.gff2.gz","y","","Yes","","Yes","No","SL2324/SL2324.v_Chlamydomonas_reinhardtii_transcript-v5.3.patman.redundant_aligned_reads.fasta.gz"
"SL2325","Adrian Valli","Internal","Yes","E9-3 Parental",63,"CC1883","wt","wt","wt","no","FALSE","Vegetative","SL2325/SL2325_L1.RUNunknown.trimmed.filtered_15.non_redundant.v_genome_JGI_assembly5_Chlamydomonas_reinhardtii.patman.gff2.gz","y","","Yes","","Yes","No","SL2325/SL2325.v_Chlamydomonas_reinhardtii_transcript-v5.3.patman.redundant_aligned_reads.fasta.gz"
"SL2326","Adrian Valli","Internal","Yes","E9-3 Parental",63,"CC1883","wt","wt","wt","no","FALSE","Vegetative","SL2326/SL2326_L1.RUNunknown.trimmed.filtered_15.non_redundant.v_genome_JGI_assembly5_Chlamydomonas_reinhardtii.patman.gff2.gz","y","","Yes","","Yes","No","SL2326/SL2326.v_Chlamydomonas_reinhardtii_transcript-v5.3.patman.redundant_aligned_reads.fasta.gz"
"SL2327","Adrian Valli","Internal","Yes","E9-3 Parental",63,"CC1883","wt","wt","wt","no","FALSE","Vegetative","SL2327/SL2327_L1.RUNunknown.trimmed.filtered_15.non_redundant.v_genome_JGI_assembly5_Chlamydomonas_reinhardtii.patman.gff2.gz","y","Possibly remove","No","Keep","Yes","No","SL2327/SL2327.v_Chlamydomonas_reinhardtii_transcript-v5.3.patman.redundant_aligned_reads.fasta.gz"
"SL2328","Adrian Valli","Internal","Yes","m33",64,"CC1883","ago3","ago3","no","no","FALSE","Vegetative","SL2328/SL2328_L1.RUNunknown.trimmed.filtered_15.non_redundant.v_genome_JGI_assembly5_Chlamydomonas_reinhardtii.patman.gff2.gz","y","","Yes","","Yes","No","SL2328/SL2328.v_Chlamydomonas_reinhardtii_transcript-v5.3.patman.redundant_aligned_reads.fasta.gz"
"SL2329","Adrian Valli","Internal","Yes","m33",64,"CC1883","ago3","ago3","no","no","FALSE","Vegetative","SL2329/SL2329_L1.RUNunknown.trimmed.filtered_15.non_redundant.v_genome_JGI_assembly5_Chlamydomonas_reinhardtii.patman.gff2.gz","y","","Yes","","Yes","No","SL2329/SL2329.v_Chlamydomonas_reinhardtii_transcript-v5.3.patman.redundant_aligned_reads.fasta.gz"
"SL2330","Adrian Valli","Internal","Yes","m33",64,"CC1883","ago3","ago3","no","no","FALSE","Vegetative","SL2330/SL2330_L1.RUNunknown.trimmed.filtered_15.non_redundant.v_genome_JGI_assembly5_Chlamydomonas_reinhardtii.patman.gff2.gz","y","","Yes","","Yes","No","SL2330/SL2330.v_Chlamydomonas_reinhardtii_transcript-v5.3.patman.redundant_aligned_reads.fasta.gz"
"SL2331","Adrian Valli","Internal","Yes","m49",65,"CC1883","ago3","ago3","no","no","FALSE","Vegetative","SL2331/SL2331_L1.RUNunknown.trimmed.filtered_15.non_redundant.v_genome_JGI_assembly5_Chlamydomonas_reinhardtii.patman.gff2.gz","y","","Yes","","Yes","No","SL2331/SL2331.v_Chlamydomonas_reinhardtii_transcript-v5.3.patman.redundant_aligned_reads.fasta.gz"
"SL2332","Adrian Valli","Internal","Yes","m49",65,"CC1883","ago3","ago3","no","no","FALSE","Vegetative","SL2332/SL2332_L1.RUNunknown.trimmed.filtered_15.non_redundant.v_genome_JGI_assembly5_Chlamydomonas_reinhardtii.patman.gff2.gz","y","","Yes","","Yes","No","SL2332/SL2332.v_Chlamydomonas_reinhardtii_transcript-v5.3.patman.redundant_aligned_reads.fasta.gz"
"SL2333","Adrian Valli","Internal","Yes","m49",65,"CC1883","ago3","ago3","no","no","FALSE","Vegetative","SL2333/SL2333_L1.RUNunknown.trimmed.filtered_15.non_redundant.v_genome_JGI_assembly5_Chlamydomonas_reinhardtii.patman.gff2.gz","y","","Yes","","Yes","No","SL2333/SL2333.v_Chlamydomonas_reinhardtii_transcript-v5.3.patman.redundant_aligned_reads.fasta.gz"
"SL2362","Adrian Valli","Internal","No","CC1883 Ant Phosp (-) PNK (-)",66,"CC1883","wt","wt","no","no","FALSE","Vegetative","SL2362/SL2362_L1.RUN622.trimmed.filtered_15.non_redundant.v_genome_JGI_assembly5_Chlamydomonas_reinhardtii.patman.gff2.gz","n","Removed on Adrian recommendation","No","","No","Yes","SL2362/SL2362.v_Chlamydomonas_reinhardtii_transcript-v5.3.patman.redundant_aligned_reads.fasta.gz"
"SL2363","Adrian Valli","Internal","No","CC1883 Ant Phosp (-) PNK (+)",66,"CC1883","wt","wt","no","no","PNK","Vegetative","SL2363/SL2363_L1.RUNunknown.trimmed.filtered_15.non_redundant.v_genome_JGI_assembly5_Chlamydomonas_reinhardtii.patman.gff2.gz","n","Removed on Adrian recommendation","No","","No","No","SL2363/SL2363.v_Chlamydomonas_reinhardtii_transcript-v5.3.patman.redundant_aligned_reads.fasta.gz"
"SL2364","Adrian Valli","Internal","No","CC1883 Ant Phosp (-) PNK (-)",66,"CC1883","wt","wt","no","no","FALSE","Vegetative","SL2364/SL2364_L1.RUNunknown.trimmed.filtered_15.non_redundant.v_genome_JGI_assembly5_Chlamydomonas_reinhardtii.patman.gff2.gz","n","Removed on Adrian recommendation","No","","No","No","SL2364/SL2364.v_Chlamydomonas_reinhardtii_transcript-v5.3.patman.redundant_aligned_reads.fasta.gz"
"SL2365","Adrian Valli","Internal","No","CC1883 Ant Phosp (-) PNK (-)",67,"CC1883","wt","wt","no","no","FALSE","Vegetative","SL2365/SL2365_L1.RUNunknown.trimmed.filtered_15.non_redundant.v_genome_JGI_assembly5_Chlamydomonas_reinhardtii.patman.gff2.gz","n","Removed on Adrian recommendation","No","","No","No","SL2365/SL2365.v_Chlamydomonas_reinhardtii_transcript-v5.3.patman.redundant_aligned_reads.fasta.gz"
"SL2366","Adrian Valli","Internal","No","CC1883 Ant Phosp (-) PNK (+)",67,"CC1883","wt","wt","no","no","PNK","Vegetative","SL2366/SL2366_L1.RUNunknown.trimmed.filtered_15.non_redundant.v_genome_JGI_assembly5_Chlamydomonas_reinhardtii.patman.gff2.gz","n","Removed on Adrian recommendation","No","","No","No","SL2366/SL2366.v_Chlamydomonas_reinhardtii_transcript-v5.3.patman.redundant_aligned_reads.fasta.gz"
"SL2367","Adrian Valli","Internal","No","CC1883 Ant Phosp (-) PNK (-)",67,"CC1883","wt","wt","no","no","FALSE","Vegetative","SL2367/SL2367_L1.RUNunknown.trimmed.filtered_15.non_redundant.v_genome_JGI_assembly5_Chlamydomonas_reinhardtii.patman.gff2.gz","n","Removed on Adrian recommendation","No","","No","No","SL2367/SL2367.v_Chlamydomonas_reinhardtii_transcript-v5.3.patman.redundant_aligned_reads.fasta.gz"
"SL2368","Adrian Valli","Internal","No","m47 Ant Phosp (-) PNK (-)",68,"CC1883","dcl3","dcl3","no","no","FALSE","Vegetative","SL2368/SL2368_L1.RUNunknown.trimmed.filtered_15.non_redundant.v_genome_JGI_assembly5_Chlamydomonas_reinhardtii.patman.gff2.gz","n","Removed on Adrian recommendation","No","","No","No","SL2368/SL2368.v_Chlamydomonas_reinhardtii_transcript-v5.3.patman.redundant_aligned_reads.fasta.gz"
"SL2369","Adrian Valli","Internal","No","m47 Ant Phosp (-) PNK (+)",68,"CC1883","dcl3","dcl3","no","no","PNK","Vegetative","SL2369/SL2369_L1.RUNunknown.trimmed.filtered_15.non_redundant.v_genome_JGI_assembly5_Chlamydomonas_reinhardtii.patman.gff2.gz","n","Removed on Adrian recommendation","No","","No","No","SL2369/SL2369.v_Chlamydomonas_reinhardtii_transcript-v5.3.patman.redundant_aligned_reads.fasta.gz"
"SL2370","Adrian Valli","Internal","No","m47 Ant Phosp (-) PNK (-)",68,"CC1883","dcl3","dcl3","no","no","FALSE","Vegetative","SL2370/SL2370_L1.RUNunknown.trimmed.filtered_15.non_redundant.v_genome_JGI_assembly5_Chlamydomonas_reinhardtii.patman.gff2.gz","n","Removed on Adrian recommendation","No","","No","No","SL2370/SL2370.v_Chlamydomonas_reinhardtii_transcript-v5.3.patman.redundant_aligned_reads.fasta.gz"
"SL2371","Adrian Valli","Internal","No","m47 Ant Phosp (-) PNK (-)",69,"CC1883","dcl3","dcl3","no","no","FALSE","Vegetative","SL2371/SL2371_L1.RUNunknown.trimmed.filtered_15.non_redundant.v_genome_JGI_assembly5_Chlamydomonas_reinhardtii.patman.gff2.gz","n","Removed on Adrian recommendation","No","","No","No","SL2371/SL2371.v_Chlamydomonas_reinhardtii_transcript-v5.3.patman.redundant_aligned_reads.fasta.gz"
"SL2372","Adrian Valli","Internal","No","m47 Ant Phosp (-) PNK (+)",69,"CC1883","dcl3","dcl3","no","no","PNK","Vegetative","SL2372/SL2372_L1.RUNunknown.trimmed.filtered_15.non_redundant.v_genome_JGI_assembly5_Chlamydomonas_reinhardtii.patman.gff2.gz","n","Removed on Adrian recommendation","No","","No","No","SL2372/SL2372.v_Chlamydomonas_reinhardtii_transcript-v5.3.patman.redundant_aligned_reads.fasta.gz"
"SL2373","Adrian Valli","Internal","No","m47 Ant Phosp (-) PNK (-)",69,"CC1883","dcl3","dcl3","no","no","FALSE","Vegetative","SL2373/SL2373_L1.RUNunknown.trimmed.filtered_15.non_redundant.v_genome_JGI_assembly5_Chlamydomonas_reinhardtii.patman.gff2.gz","n","Removed on Adrian recommendation","No","","No","No","SL2373/SL2373.v_Chlamydomonas_reinhardtii_transcript-v5.3.patman.redundant_aligned_reads.fasta.gz"
"SL2404","Betty Chung","Internal","Yes","WT",70,"CC1883","wt","wt","no","wt","FALSE","Vegetative","SL2404/SL2404_L1.RUN626.trimmed.filtered_15.non_redundant.v_genome_JGI_assembly5_Chlamydomonas_reinhardtii.patman.gff2.gz","y","","Yes","","Yes","No","SL2404/SL2404.v_Chlamydomonas_reinhardtii_transcript-v5.3.patman.redundant_aligned_reads.fasta.gz"
"SL2405","Betty Chung","Internal","Yes","WT",70,"CC1883","wt","wt","no","wt","FALSE","Vegetative","SL2405/SL2405_L1.RUNunknown.trimmed.filtered_15.non_redundant.v_genome_JGI_assembly5_Chlamydomonas_reinhardtii.patman.gff2.gz","y","","Yes","","Yes","No","SL2405/SL2405.v_Chlamydomonas_reinhardtii_transcript-v5.3.patman.redundant_aligned_reads.fasta.gz"
"SL2406","Betty Chung","Internal","Yes","WT",70,"CC1883","wt","wt","no","wt","FALSE","Vegetative","SL2406/SL2406_L1.RUNunknown.trimmed.filtered_15.non_redundant.v_genome_JGI_assembly5_Chlamydomonas_reinhardtii.patman.gff2.gz","y","","Yes","","Yes","No","SL2406/SL2406.v_Chlamydomonas_reinhardtii_transcript-v5.3.patman.redundant_aligned_reads.fasta.gz"
"SL2407","Betty Chung","Internal","Yes","M25 Ago3 KO",71,"CC1883","ago3","ago3","no","no","FALSE","Vegetative","SL2407/SL2407_L1.RUNunknown.trimmed.filtered_15.non_redundant.v_genome_JGI_assembly5_Chlamydomonas_reinhardtii.patman.gff2.gz","y","","Yes","","Yes","No","SL2407/SL2407.v_Chlamydomonas_reinhardtii_transcript-v5.3.patman.redundant_aligned_reads.fasta.gz"
"SL2408","Betty Chung","Internal","Yes","M25 Ago3 KO",71,"CC1883","ago3","ago3","no","no","FALSE","Vegetative","SL2408/SL2408_L1.RUNunknown.trimmed.filtered_15.non_redundant.v_genome_JGI_assembly5_Chlamydomonas_reinhardtii.patman.gff2.gz","y","","Yes","","Yes","No","SL2408/SL2408.v_Chlamydomonas_reinhardtii_transcript-v5.3.patman.redundant_aligned_reads.fasta.gz"
"SL2409","Betty Chung","Internal","Yes","M25 Ago3 KO",71,"CC1883","ago3","ago3","no","no","FALSE","Vegetative","SL2409/SL2409_L1.RUNunknown.trimmed.filtered_15.non_redundant.v_genome_JGI_assembly5_Chlamydomonas_reinhardtii.patman.gff2.gz","y","","Yes","","Yes","No","SL2409/SL2409.v_Chlamydomonas_reinhardtii_transcript-v5.3.patman.redundant_aligned_reads.fasta.gz"
"GSM803103","Emanuele De Paoli","External","Yes","Control",72,"FALSE","wt","FALSE","no","no","FALSE","Vegetative","external/GSM803103_CRE1_trimmed_aligned_assembly5.gff2.gz","n","I haven't managed to look at these, do we need them?","Yes","","Yes","Yes","none"
"GSM803104","Emanuele De Paoli","External","Yes","Phosphate Starvation",73,"FALSE","FALSE","FALSE","no","no","Phosphate Starvation","Vegetative","external/GSM803104_CRE2_trimmed_aligned_assembly5.gff2.gz","n","I haven't managed to look at these, do we need them?","Yes","","Yes","No","none"
"GSM803105","Emanuele De Paoli","External","Yes","Sulphate Starvation",74,"FALSE","FALSE","FALSE","no","no","Sulphate Starvation","Vegetative","external/GSM803105_CRE3_trimmed_aligned_assembly5.gff2.gz","n","I haven't managed to look at these, do we need them?","Yes","","Yes","No","none"
"GSM183546","Frank Schwach","External","Yes","J3 Vegetative cells",75,"J3","wt","FALSE","no","no","FALSE","Vegetative","external/Qi_Wang_sRNAs_aligned_assembly5.gff2.gz","n","<Suggest remove, very small file","No","","No","No","none"
"GSM176482","Yijun Qi","External","Yes","FALSE",76,"FALSE","FALSE","FALSE","no","no","FALSE","Vegetative","external/schwach_sRNAs_aligned_assembly5.gff2.gz","n","Removed on Adrian recommendation","No","","No","No","none"
